Workbook

Sheet Assumptions
A1: TCO MODEL – KEY ASSUMPTIONS
A3: VEHICLE COSTS
A4: Honda Activa 6G – Ex-showroom (₹) | B4: 75433 | C4: Source: Zigwheels, Apr 2026
A5: Ather 450X (2.9 kWh) – Ex-showroom (₹) | B5: 147999 | C5: Source: BikeDekho, Apr 2026
A6: Activa – RTO + Registration (₹) | B6: 7848 | C6: Source: Zigwheels Delhi on-road breakdown
A7: Activa – Insurance Year 1 (₹) | B7: 6244 | C7: Source: Zigwheels Delhi on-road breakdown
A8: Ather – RTO (EVs: 100% waiver) (₹) | B8: 0 | C8: Delhi EV Policy 2024-30 – full road tax exemption
A9: Ather – Insurance Year 1 (₹) | B9: 4867 | C9: Source: BikeDekho Delhi on-road breakdown
A11: SUBSIDIES (Applied to Ather 450X)
A12: PM E-DRIVE Central Subsidy (₹) | B12: 5000 | C12: ₹2,500/kWh × 2.9 kWh battery, capped at ₹5,000 – Autocar India / PM E-DRIVE Apr 2026
A13: Delhi State Subsidy Yr 1 (₹) | B13: 20000 | C13: Delhi EV Policy 2024-30: ₹10,000/kWh capped ₹30,000; conservative est. ₹20,000
A14: Total EV Subsidy (₹) | B14: =B12+B13 -> 25000
A16: ENERGY & EFFICIENCY
A17: Petrol price Delhi (₹/litre) | B17: 94.77 | C17: BusinessToday / GoodReturns Apr 2026
A18: Activa fuel efficiency (km/litre) | B18: 47 | C18: BikeWale user-reported average; OEM claim 47 kmpl
A19: Delhi domestic electricity rate (₹/kWh) | B19: 4.5 | C19: DERC 2025-26 slab rate: 201-400 units = ₹4.50/kWh
A20: Ather 450X efficiency (km/kWh) | B20: 36 | C20: 2.9 kWh battery / 105 km TrueRange = ~36 km/kWh
A21: Ather 450X TrueRange per charge (km) | B21: 105 | C21: BikeDekho / Ather 2025: 2.9 kWh variant TrueRange
A23: ANNUAL MAINTENANCE ESTIMATES (Years 1–5)
A24: Activa – Annual service cost (₹) | B24: 3500 | C24: Authorized dealer: ~₹700-₹1,000/service × 3-4 services/yr + consumables
A25: Activa – Annual insurance renewal (₹) | B25: 3500 | C25: Estimated comprehensive renewal yr 2-5 (PolicyBazaar avg)
A26: Ather – Annual service cost (₹) | B26: 2500 | C26: EV: brake pads, tyres, software – lower than ICE; Droom TCO data
A27: Ather – Annual insurance renewal (₹) | B27: 3000 | C27: Estimated EV comprehensive renewal yr 2-5
A29: USAGE SCENARIOS (Daily km)
A30: Light commuter – daily distance (km) | B30: 10 | C30: Scenario 1: Short urban trips
A31: Average commuter – daily distance (km) | B31: 30 | C31: Scenario 2: Typical Delhi commuter
A32: Heavy commuter – daily distance (km) | B32: 50 | C32: Scenario 3: Delivery/long distance
A33: COLOR CODING
A34: Blue = Hardcoded input
A35: Black = Formula / calculated

Sheet 10km_Light
A1: TCO ANALYSIS – LIGHT COMMUTER (10 km/day)
A2: Item | B2: Year 1 | C2: Year 2 | D2: Year 3 | E2: Year 4 | F2: Year 5 | G2: 5-Year TOTAL
A3: HONDA ACTIVA 6G (ICE)
A4: Upfront Cost (Ex-showroom + RTO + Ins.) | B4: =Assumptions!B4+Assumptions!B6+Assumptions!B7 -> 89525 | C4: - | D4: - | E4: - | F4: - | G4: =B4 -> 89525
A5: Annual Fuel Cost | B5: =(Assumptions!B30*365*Assumptions!B17)/Assumptions!B18 -> 7359.7979 | C5: =(Assumptions!B30*365*Assumptions!B17)/Assumptions!B18 -> 7359.7979 | D5: =(Assumptions!B30*365*Assumptions!B17)/Assumptions!B18 -> 7359.7979 | E5: =(Assumptions!B30*365*Assumptions!B17)/Assumptions!B18 -> 7359.7979 | F5: =(Assumptions!B30*365*Assumptions!B17)/Assumptions!B18 -> 7359.7979 | G5: =SUM(B5:F5) -> 36798.989
A6: Annual Service Cost | B6: =Assumptions!B24 -> 3500 | C6: =Assumptions!B24 -> 3500 | D6: =Assumptions!B24 -> 3500 | E6: =Assumptions!B24 -> 3500 | F6: =Assumptions!B24 -> 3500 | G6: =SUM(B6:F6) -> 17500
A7: Insurance Renewal (Yr 2–5) | B7: - | C7: =Assumptions!B25 -> 3500 | D7: =Assumptions!B25 -> 3500 | E7: =Assumptions!B25 -> 3500 | F7: =Assumptions!B25 -> 3500 | G7: =SUM(C7:F7) -> 14000
A8: Activa Cumulative TCO (₹) | B8: =SUM(B4:B4)+SUM(B5:B5)+SUM(B6:B6)+SUM(B7:B7) -> 100384.8 | C8: =SUM(B4:C4)+SUM(B5:C5)+SUM(B6:C6)+SUM(B7:C7) -> 114744.6 | D8: =SUM(B4:D4)+SUM(B5:D5)+SUM(B6:D6)+SUM(B7:D7) -> 129104.39 | E8: =SUM(B4:E4)+SUM(B5:E5)+SUM(B6:E6)+SUM(B7:E7) -> 143464.19 | F8: =SUM(B4:F4)+SUM(B5:F5)+SUM(B6:F6)+SUM(B7:F7) -> 157823.99 | G8: =F8 -> 157823.99
A10: ATHER 450X (EV)
A11: Upfront Cost (Ex-showroom) | B11: =Assumptions!B5 -> 147999 | C11: - | D11: - | E11: - | F11: - | G11: =B11 -> 147999
A12: Less: Central Subsidy (PM E-DRIVE) | B12: =-Assumptions!B12 -> -5000 | C12: - | D12: - | E12: - | F12: - | G12: =B12 -> -5000
A13: Less: Delhi State Subsidy | B13: =-Assumptions!B13 -> -20000 | C13: - | D13: - | E13: - | F13: - | G13: =B13 -> -20000
A14: Net Upfront Cost incl. Yr 1 Insurance | B14: =Assumptions!B5-Assumptions!B12-Assumptions!B13+Assumptions!B9 -> 127866 | C14: - | D14: - | E14: - | F14: - | G14: =B14 -> 127866
A15: Annual Charging Cost | B15: =(Assumptions!B30*365/Assumptions!B20)*Assumptions!B19 -> 456.25 | C15: =(Assumptions!B30*365/Assumptions!B20)*Assumptions!B19 -> 456.25 | D15: =(Assumptions!B30*365/Assumptions!B20)*Assumptions!B19 -> 456.25 | E15: =(Assumptions!B30*365/Assumptions!B20)*Assumptions!B19 -> 456.25 | F15: =(Assumptions!B30*365/Assumptions!B20)*Assumptions!B19 -> 456.25 | G15: =SUM(B15:F15) -> 2281.25
A16: Annual Service Cost | B16: =Assumptions!B26 -> 2500 | C16: =Assumptions!B26 -> 2500 | D16: =Assumptions!B26 -> 2500 | E16: =Assumptions!B26 -> 2500 | F16: =Assumptions!B26 -> 2500 | G16: =SUM(B16:F16) -> 12500
A17: Insurance Yr 1 (included in upfront above) | B17: — | C17: — | D17: — | E17: — | F17: — | G17: —
A18: Insurance Renewal (Yr 2–5) | B18: - | C18: =Assumptions!B27 -> 3000 | D18: =Assumptions!B27 -> 3000 | E18: =Assumptions!B27 -> 3000 | F18: =Assumptions!B27 -> 3000 | G18: =SUM(C18:F18) -> 12000
A19: Ather Cumulative TCO (₹) | B19: =SUM(B14:B14)+SUM(B15:B15)+SUM(B16:B16)+SUM(B17:B17)+SUM(B18:B18) -> 130822.25 | C19: =SUM(B14:C14)+SUM(B15:C15)+SUM(B16:C16)+SUM(B17:C17)+SUM(B18:C18) -> 136778.5 | D19: =SUM(B14:D14)+SUM(B15:D15)+SUM(B16:D16)+SUM(B17:D17)+SUM(B18:D18) -> 142734.75 | E19: =SUM(B14:E14)+SUM(B15:E15)+SUM(B16:E16)+SUM(B17:E17)+SUM(B18:E18) -> 148691 | F19: =SUM(B14:F14)+SUM(B15:F15)+SUM(B16:F16)+SUM(B17:F17)+SUM(B18:F18) -> 154647.25 | G19: =F19 -> 154647.25
A21: EV SAVINGS vs ICE (Activa − Ather cumulative TCO)
B22: =B8-B19 -> -30437.452 | C22: =C8-C19 -> -22033.904 | D22: =D8-D19 -> -13630.356 | E22: =E8-E19 -> -5226.8085 | F22: =F8-F19 -> 3176.7394 | G22: =G8-G19 -> 3176.7394
A24: Note: Positive value = EV is cheaper overall at that year-end.
A25: Break-even = Year when EV savings first turn positive (>0).

Sheet 30km_Average
A1: TCO ANALYSIS – AVERAGE COMMUTER (30 km/day)
A2: Item | B2: Year 1 | C2: Year 2 | D2: Year 3 | E2: Year 4 | F2: Year 5 | G2: 5-Year TOTAL
A3: HONDA ACTIVA 6G (ICE)
A4: Upfront Cost (Ex-showroom + RTO + Ins.) | B4: =Assumptions!B4+Assumptions!B6+Assumptions!B7 -> 89525 | C4: - | D4: - | E4: - | F4: - | G4: =B4 -> 89525
A5: Annual Fuel Cost | B5: =(Assumptions!B31*365*Assumptions!B17)/Assumptions!B18 -> 22079.394 | C5: =(Assumptions!B31*365*Assumptions!B17)/Assumptions!B18 -> 22079.394 | D5: =(Assumptions!B31*365*Assumptions!B17)/Assumptions!B18 -> 22079.394 | E5: =(Assumptions!B31*365*Assumptions!B17)/Assumptions!B18 -> 22079.394 | F5: =(Assumptions!B31*365*Assumptions!B17)/Assumptions!B18 -> 22079.394 | G5: =SUM(B5:F5) -> 110396.97
A6: Annual Service Cost | B6: =Assumptions!B24 -> 3500 | C6: =Assumptions!B24 -> 3500 | D6: =Assumptions!B24 -> 3500 | E6: =Assumptions!B24 -> 3500 | F6: =Assumptions!B24 -> 3500 | G6: =SUM(B6:F6) -> 17500
A7: Insurance Renewal (Yr 2–5) | B7: - | C7: =Assumptions!B25 -> 3500 | D7: =Assumptions!B25 -> 3500 | E7: =Assumptions!B25 -> 3500 | F7: =Assumptions!B25 -> 3500 | G7: =SUM(C7:F7) -> 14000
A8: Activa Cumulative TCO (₹) | B8: =SUM(B4:B4)+SUM(B5:B5)+SUM(B6:B6)+SUM(B7:B7) -> 115104.39 | C8: =SUM(B4:C4)+SUM(B5:C5)+SUM(B6:C6)+SUM(B7:C7) -> 144183.79 | D8: =SUM(B4:D4)+SUM(B5:D5)+SUM(B6:D6)+SUM(B7:D7) -> 173263.18 | E8: =SUM(B4:E4)+SUM(B5:E5)+SUM(B6:E6)+SUM(B7:E7) -> 202342.57 | F8: =SUM(B4:F4)+SUM(B5:F5)+SUM(B6:F6)+SUM(B7:F7) -> 231421.97 | G8: =F8 -> 231421.97
A10: ATHER 450X (EV)
A11: Upfront Cost (Ex-showroom) | B11: =Assumptions!B5 -> 147999 | C11: - | D11: - | E11: - | F11: - | G11: =B11 -> 147999
A12: Less: Central Subsidy (PM E-DRIVE) | B12: =-Assumptions!B12 -> -5000 | C12: - | D12: - | E12: - | F12: - | G12: =B12 -> -5000
A13: Less: Delhi State Subsidy | B13: =-Assumptions!B13 -> -20000 | C13: - | D13: - | E13: - | F13: - | G13: =B13 -> -20000
A14: Net Upfront Cost incl. Yr 1 Insurance | B14: =Assumptions!B5-Assumptions!B12-Assumptions!B13+Assumptions!B9 -> 127866 | C14: - | D14: - | E14: - | F14: - | G14: =B14 -> 127866
A15: Annual Charging Cost | B15: =(Assumptions!B31*365/Assumptions!B20)*Assumptions!B19 -> 1368.75 | C15: =(Assumptions!B31*365/Assumptions!B20)*Assumptions!B19 -> 1368.75 | D15: =(Assumptions!B31*365/Assumptions!B20)*Assumptions!B19 -> 1368.75 | E15: =(Assumptions!B31*365/Assumptions!B20)*Assumptions!B19 -> 1368.75 | F15: =(Assumptions!B31*365/Assumptions!B20)*Assumptions!B19 -> 1368.75 | G15: =SUM(B15:F15) -> 6843.75
A16: Annual Service Cost | B16: =Assumptions!B26 -> 2500 | C16: =Assumptions!B26 -> 2500 | D16: =Assumptions!B26 -> 2500 | E16: =Assumptions!B26 -> 2500 | F16: =Assumptions!B26 -> 2500 | G16: =SUM(B16:F16) -> 12500
A17: Insurance Yr 1 (included in upfront above) | B17: — | C17: — | D17: — | E17: — | F17: — | G17: —
A18: Insurance Renewal (Yr 2–5) | B18: - | C18: =Assumptions!B27 -> 3000 | D18: =Assumptions!B27 -> 3000 | E18: =Assumptions!B27 -> 3000 | F18: =Assumptions!B27 -> 3000 | G18: =SUM(C18:F18) -> 12000
A19: Ather Cumulative TCO (₹) | B19: =SUM(B14:B14)+SUM(B15:B15)+SUM(B16:B16)+SUM(B17:B17)+SUM(B18:B18) -> 131734.75 | C19: =SUM(B14:C14)+SUM(B15:C15)+SUM(B16:C16)+SUM(B17:C17)+SUM(B18:C18) -> 138603.5 | D19: =SUM(B14:D14)+SUM(B15:D15)+SUM(B16:D16)+SUM(B17:D17)+SUM(B18:D18) -> 145472.25 | E19: =SUM(B14:E14)+SUM(B15:E15)+SUM(B16:E16)+SUM(B17:E17)+SUM(B18:E18) -> 152341 | F19: =SUM(B14:F14)+SUM(B15:F15)+SUM(B16:F16)+SUM(B17:F17)+SUM(B18:F18) -> 159209.75 | G19: =F19 -> 159209.75
A21: EV SAVINGS vs ICE (Activa − Ather cumulative TCO)
B22: =B8-B19 -> -16630.356 | C22: =C8-C19 -> 5580.2872 | D22: =D8-D19 -> 27790.931 | E22: =E8-E19 -> 50001.574 | F22: =F8-F19 -> 72212.218 | G22: =G8-G19 -> 72212.218
A24: Note: Positive value = EV is cheaper overall at that year-end.
A25: Break-even = Year when EV savings first turn positive (>0).

Sheet 50km_Heavy
A1: TCO ANALYSIS – HEAVY COMMUTER (50 km/day)
A2: Item | B2: Year 1 | C2: Year 2 | D2: Year 3 | E2: Year 4 | F2: Year 5 | G2: 5-Year TOTAL
A3: HONDA ACTIVA 6G (ICE)
A4: Upfront Cost (Ex-showroom + RTO + Ins.) | B4: =Assumptions!B4+Assumptions!B6+Assumptions!B7 -> 89525 | C4: - | D4: - | E4: - | F4: - | G4: =B4 -> 89525
A5: Annual Fuel Cost | B5: =(Assumptions!B32*365*Assumptions!B17)/Assumptions!B18 -> 36798.989 | C5: =(Assumptions!B32*365*Assumptions!B17)/Assumptions!B18 -> 36798.989 | D5: =(Assumptions!B32*365*Assumptions!B17)/Assumptions!B18 -> 36798.989 | E5: =(Assumptions!B32*365*Assumptions!B17)/Assumptions!B18 -> 36798.989 | F5: =(Assumptions!B32*365*Assumptions!B17)/Assumptions!B18 -> 36798.989 | G5: =SUM(B5:F5) -> 183994.95
A6: Annual Service Cost | B6: =Assumptions!B24 -> 3500 | C6: =Assumptions!B24 -> 3500 | D6: =Assumptions!B24 -> 3500 | E6: =Assumptions!B24 -> 3500 | F6: =Assumptions!B24 -> 3500 | G6: =SUM(B6:F6) -> 17500
A7: Insurance Renewal (Yr 2–5) | B7: - | C7: =Assumptions!B25 -> 3500 | D7: =Assumptions!B25 -> 3500 | E7: =Assumptions!B25 -> 3500 | F7: =Assumptions!B25 -> 3500 | G7: =SUM(C7:F7) -> 14000
A8: Activa Cumulative TCO (₹) | B8: =SUM(B4:B4)+SUM(B5:B5)+SUM(B6:B6)+SUM(B7:B7) -> 129823.99 | C8: =SUM(B4:C4)+SUM(B5:C5)+SUM(B6:C6)+SUM(B7:C7) -> 173622.98 | D8: =SUM(B4:D4)+SUM(B5:D5)+SUM(B6:D6)+SUM(B7:D7) -> 217421.97 | E8: =SUM(B4:E4)+SUM(B5:E5)+SUM(B6:E6)+SUM(B7:E7) -> 261220.96 | F8: =SUM(B4:F4)+SUM(B5:F5)+SUM(B6:F6)+SUM(B7:F7) -> 305019.95 | G8: =F8 -> 305019.95
A10: ATHER 450X (EV)
A11: Upfront Cost (Ex-showroom) | B11: =Assumptions!B5 -> 147999 | C11: - | D11: - | E11: - | F11: - | G11: =B11 -> 147999
A12: Less: Central Subsidy (PM E-DRIVE) | B12: =-Assumptions!B12 -> -5000 | C12: - | D12: - | E12: - | F12: - | G12: =B12 -> -5000
A13: Less: Delhi State Subsidy | B13: =-Assumptions!B13 -> -20000 | C13: - | D13: - | E13: - | F13: - | G13: =B13 -> -20000
A14: Net Upfront Cost incl. Yr 1 Insurance | B14: =Assumptions!B5-Assumptions!B12-Assumptions!B13+Assumptions!B9 -> 127866 | C14: - | D14: - | E14: - | F14: - | G14: =B14 -> 127866
A15: Annual Charging Cost | B15: =(Assumptions!B32*365/Assumptions!B20)*Assumptions!B19 -> 2281.25 | C15: =(Assumptions!B32*365/Assumptions!B20)*Assumptions!B19 -> 2281.25 | D15: =(Assumptions!B32*365/Assumptions!B20)*Assumptions!B19 -> 2281.25 | E15: =(Assumptions!B32*365/Assumptions!B20)*Assumptions!B19 -> 2281.25 | F15: =(Assumptions!B32*365/Assumptions!B20)*Assumptions!B19 -> 2281.25 | G15: =SUM(B15:F15) -> 11406.25
A16: Annual Service Cost | B16: =Assumptions!B26 -> 2500 | C16: =Assumptions!B26 -> 2500 | D16: =Assumptions!B26 -> 2500 | E16: =Assumptions!B26 -> 2500 | F16: =Assumptions!B26 -> 2500 | G16: =SUM(B16:F16) -> 12500
A17: Insurance Yr 1 (included in upfront above) | B17: — | C17: — | D17: — | E17: — | F17: — | G17: —
A18: Insurance Renewal (Yr 2–5) | B18: - | C18: =Assumptions!B27 -> 3000 | D18: =Assumptions!B27 -> 3000 | E18: =Assumptions!B27 -> 3000 | F18: =Assumptions!B27 -> 3000 | G18: =SUM(C18:F18) -> 12000
A19: Ather Cumulative TCO (₹) | B19: =SUM(B14:B14)+SUM(B15:B15)+SUM(B16:B16)+SUM(B17:B17)+SUM(B18:B18) -> 132647.25 | C19: =SUM(B14:C14)+SUM(B15:C15)+SUM(B16:C16)+SUM(B17:C17)+SUM(B18:C18) -> 140428.5 | D19: =SUM(B14:D14)+SUM(B15:D15)+SUM(B16:D16)+SUM(B17:D17)+SUM(B18:D18) -> 148209.75 | E19: =SUM(B14:E14)+SUM(B15:E15)+SUM(B16:E16)+SUM(B17:E17)+SUM(B18:E18) -> 155991 | F19: =SUM(B14:F14)+SUM(B15:F15)+SUM(B16:F16)+SUM(B17:F17)+SUM(B18:F18) -> 163772.25 | G19: =F19 -> 163772.25
A21: EV SAVINGS vs ICE (Activa − Ather cumulative TCO)
B22: =B8-B19 -> -2823.2606 | C22: =C8-C19 -> 33194.479 | D22: =D8-D19 -> 69212.218 | E22: =E8-E19 -> 105229.96 | F22: =F8-F19 -> 141247.7 | G22: =G8-G19 -> 141247.7
A24: Note: Positive value = EV is cheaper overall at that year-end.
A25: Break-even = Year when EV savings first turn positive (>0).

Sheet Charts
A1: CHART DATA & VISUALIZATIONS
A3: Year | B3: Activa TCO | C3: Ather TCO
A4: (10 km/day scenario)
A5: Yr 1 | B5: =10km_Light!B8 -> 100384.8 | C5: =10km_Light!B19 -> 130822.25
A6: Yr 2 | B6: =10km_Light!C8 -> 114744.6 | C6: =10km_Light!C19 -> 136778.5
A7: Yr 3 | B7: =10km_Light!D8 -> 129104.39 | C7: =10km_Light!D19 -> 142734.75
A8: Yr 4 | B8: =10km_Light!E8 -> 143464.19 | C8: =10km_Light!E19 -> 148691
A9: Yr 5 | B9: =10km_Light!F8 -> 157823.99 | C9: =10km_Light!F19 -> 154647.25
A11: Year | B11: Activa TCO | C11: Ather TCO
A12: (30 km/day scenario)
A13: Yr 1 | B13: =30km_Average!B8 -> 115104.39 | C13: =30km_Average!B19 -> 131734.75
A14: Yr 2 | B14: =30km_Average!C8 -> 144183.79 | C14: =30km_Average!C19 -> 138603.5
A15: Yr 3 | B15: =30km_Average!D8 -> 173263.18 | C15: =30km_Average!D19 -> 145472.25
A16: Yr 4 | B16: =30km_Average!E8 -> 202342.57 | C16: =30km_Average!E19 -> 152341
A17: Yr 5 | B17: =30km_Average!F8 -> 231421.97 | C17: =30km_Average!F19 -> 159209.75
A19: Year | B19: Activa TCO | C19: Ather TCO
A20: (50 km/day scenario)
A21: Yr 1 | B21: =50km_Heavy!B8 -> 129823.99 | C21: =50km_Heavy!B19 -> 132647.25
A22: Yr 2 | B22: =50km_Heavy!C8 -> 173622.98 | C22: =50km_Heavy!C19 -> 140428.5
A23: Yr 3 | B23: =50km_Heavy!D8 -> 217421.97 | C23: =50km_Heavy!D19 -> 148209.75
A24: Yr 4 | B24: =50km_Heavy!E8 -> 261220.96 | C24: =50km_Heavy!E19 -> 155991
A25: Yr 5 | B25: =50km_Heavy!F8 -> 305019.95 | C25: =50km_Heavy!F19 -> 163772.25
A27: SUBSIDY WATERFALL DATA
A28: Ather Ex-Showroom | B28: =Assumptions!B5 -> 147999
A29: PM E-DRIVE (−) | B29: =-Assumptions!B12 -> -5000
A30: Delhi State Sub. (−) | B30: =-Assumptions!B13 -> -20000
A31: Net EV Cost | B31: =Assumptions!B5-Assumptions!B12-Assumptions!B13 -> 122999
A32: Activa On-Road | B32: =Assumptions!B4+Assumptions!B6+Assumptions!B7 -> 89525
